"Sc","Kgp"
15.2269001713539,53.71
2.47708516203665,31.78
2.35232277804036,14.25
3.71567036139405,26.42
18.7692286075859,113
2.1757179090571,9.61
14.1862875,19.6483099376114
1.2271875,0.339109371021136
10.8990483712791,55.25
2.00276531666349,1.308433744926
41.2584691169538,165.6
3.00495709478695,14.14
13.0245328968838,41.83
4.31968989868597,18.9527942296
10.0297132191992,39.5
4.83805268652828,11.605539984115
23.75835,27.1282722179781
18.968585933983,66.58
1.48988006137764,5.92
1.17809724509617,1.3093018554
17.7205875,41.226040075121
18.232289397278,146.38
2.90308487209522,14.54
12.3921464686866,306.5
1.29138708427749,8.2
5.33099425733428,37.66
12.087424206034,32.94
23.8307993319939,490.1
1.8063769806205,13.2
19.0646620758048,57.94
7.63958490321019,28.22
2.12697127758583,11.66
3.18499256506521,11.92
3.61283155162826,6.61287812955
6.09951162926204,38.23
2.53683606777376,1.64302664064
2.88427797563099,44.25
7.57902010005606,39.68
9.90538786182508,22.4
3.01433764489561,16.14
4.39498727662469,57.9
2.00088117374069,18.9
2.71018418188761,12.97
69.9260842005356,592.05
3.98243242161825,36.52
2.4493392985581,13.16
25.330854619772,103.6
6.40048323680495,47.4
4.07189586921463,27.86
19.9818677361605,47.75
3.14159265358979,7.2739324889
0.934623814442963,2.643094003858
7.01520189862998,36.2
10.6589655,39.555631751228
29.0817487402443,84.87
29.0241999363806,109.5
2.00823708041005,5.85
17.7205875,36.0182430926916
11.7456599101969,334.6
14.990214998009,31.88
60.5111999652808,746.96
38.4846,40.5783279220779
3.08942223971017,33.12
42.4006019741283,235.92
6.24800553882345,12.95
48.50531848838,265.9
12.3700210735098,70.1372008337
28.2744,327.50714763178
11.5166510679947,62.8
7.77544181763474,19.46298972926
48.1296234138676,336.26
3.80513674842412,10.49
1.60221225333079,4.19097733824
3.43804321702012,118.95
9.78937298533103,21.7
10.4413374393672,159.35
3.63011368251378,12.66
14.8617315,121.874970596193
3.1101767270539,9.7142187219
2.49996531447736,19.6
22.0208115331534,88.87
63.468627272253,553.54
1.64933614313464,3.56787852036
60.5111999652808,626.57
10.5989497522145,26.5
3.54206267466724,18.16
41.2825875,447.172086993889
1.97920337176157,7.41915080214
13.7444678594553,87.76905542559
47.381721019632,203.56
17.7003848865164,134
1.82030054189155,15.1
24.4811855785969,153
37.6991118430775,442.99911089742
2.53683606777376,2.69007840948
2.68606171881927,7.215449908436
8.23989531371219,94.4
1.77851122599187,34.96
3.07090681888402,6.4827927857
12.9935891225476,236.2
4.41362126611124,37.9
1.42942465738336,6.8500353537
17.8994613568204,80.43
3.57814604131953,31.5
2.82743338823081,9.21516726284
33.18315,191.968101126814
12.014577097192,65
26.6853825027514,115.5
13.7359211383575,69.46
12.8993673353998,50.16
12.3187355404316,31.37
8.24668071567321,21.45449687073
7.71426975390434,96.01
21.5597049071007,49.13
28.2744,158.593930640438
17.5952697967602,46.83
3.85263059010026,8.52
6.80864189277905,177.2
5.19540885087412,8.6713420871
1.17015008557832,2.98
7.71426975390434,33.83
17.4227269502546,54.27
2.1757179090571,11.42
31.579127204987,118.03
6.53830869034767,99.99
11.0446875,12.2697057231984
14.3759516068051,47.75
3.83598268802644,83.74
0.75398223686155,0.429290717856
3.45575191894877,7.18218211326
5.03907481237911,14.46
1.72786883275864,13.9
30.9471282846934,89.84
6.86225937305253,25.87
24.9287121549419,48.65
3.65076607816719,17.1
0.549778714378214,0.7163245936
1.94639318424804,51.8
52.9657856738457,466.72
29.6984174672105,103.13
5.335488,62.39530635616
17.0907006416106,56.22
4.26079490384341,7.62
2.82743338823081,18.69315676305
2.24702967134436,20.2
18.7251383744388,60.3
60.1321875,473.163216911765
11.8473069767553,47.63
8.78667132170238,69.8
14.1862875,129.121424592564
0.494800842940392,0.358234009056
15.182409486042,61.71
1.68919147269236,4.96
14.3035066077582,25.61
11.0086223443712,321.7
3.61818414407481,12.57
6.49312175392254,18.99
4.89983324926874,11.35
6.49312175392254,29.37
3.80513674842412,13.2
6.72746442720521,49.2
16.4323032060657,43.74
0.947107521834826,3.96
3.97411470679109,2.873141491374
65.6551413279126,483.7
25.5089828399749,104.66
5.01820931389437,41.52
2.15299218450687,25.75
4.45269836626086,61.99
4.07856772512986,9.75
11.6862767839766,184.49
1.11351731792849,6.8
2.25312412607655,11.44
13.6788607366474,169.1
2.74494139749545,96.7
20.8307715,57.7231118299593
6.66338170134786,33.4
4.523904,45.6847126464222
5.8082582941149,245.4
2.96880505764235,5.148520179264
7.77544181763474,11.42040707346
1.22522113490002,1.42055686773
1.25560709483776,5.72
25.073282124326,124.8
10.6244463282201,369
7.26644386915473,136.13
1.50806097553669,6.9
1.09955742875643,1.79144504
9.7926572849714,16
6.47355157513535,22.09
2.87046510616496,85.8
19.9818677361605,31.96
33.253758238248,317.47154637044
29.6984174672105,121.59
5.81061524021754,34.5
8.69342077986823,516.4
3.90426550284224,7.7
46.6384814469068,264.86
4.21627367151609,13.34
0.918331597535092,3.96
5.07087269573194,14.25
5.77146725368167,129.8
31.3962794311088,250.91
4.59325788559698,23.3
5.67924568268022,15.25
3.13012596822764,151.8
5.7776162883491,18.27
32.7174143169032,168.5
13.7719470546853,52.24
3.9438081173001,19.83
2.7160477427716,14.99
1.22705542625133,5.66
3.26439907287287,12.01
2.08342915105884,9.99
0.597588457171335,12.98
0.847514027442724,15.14
1.5535051993863,14.66
33.18315,299.787030056341
5.27787565803085,10.34128655868
1.09955742875643,3.238383722805
1.24340645003624,33.8
0.470198845625211,7.29
23.5978931004504,88.11
1.41371669411541,6.404379110745
27.8827648317117,106.57
6.157536,9.39807940221543
0.302378292908018,0.525309554
30.2617067054091,229.47
5.05796417227957,5.34056616632
1.86912378402238,56.97
2.0907057757267,8.16
2.98040214608355,17.11
10.5672717797403,208.89
5.59304287058969,17.63
3.90426550284224,15
50.2656,143.990462662338
24.9287121549419,76.14
5.85848924891699,22.23
66.5060932360619,346.64
1.78942462479031,26.3
3.3465810292407,16.99
7.26886515900844,11.9
4.69744,40.65269711813
25.8889224985676,460.5
3.15498570372191,16.16
3.95840674352314,16.853283812442
2.12697127758583,16.3
6.29343383571323,20.5
0.75398223686155,0.8543636178
3.33760334136388,16
13.6154618849965,47.16
0.942477796076938,0.72906147776
15.4650566666033,38.67
11.1447999386098,112.28324709294
2.68606171881927,13.9370503657
16.4323032060657,99.28
3.1101767270539,3.87362845716
13.690012875,103.583889896868
7.39642772144365,22.95
4.69213820420315,27
0.665136761145799,1.8
9.91441881581442,109.07
0.950334,1.24520944741533
6.28280392611474,29.4
7.26886515900844,11.29
0.392699081698724,0.927249785
0.714712328691678,1.49359816452
1.64933614313464,11.137842306976
2.08586717814544,9.92
0.783553315109649,2.9
3.85263059010026,6.5
32.5015561280497,160
71.6752836709423,515.62
0.628318530717959,2.550148199676
2.04203522483337,2.7900204024
13.6154618849965,50.66
12.9805274456776,122.92
1.06028752058656,3.743957091105
7.37196001567227,28.29
3.97411470679109,4.47603084621
57.4125855593495,152.5
4.58365813881193,25.2
50.221141148451,452.86
3.95458551728256,21.49
4.18736974538153,7.64
1.42942465738336,8.06054755506
0.494800842940392,1.54126448322
2.35619449019234,2.04700706595
3.61283155162826,4.597982928
9.94391038721708,81.4
1.6513035,1.24364018334607
4.57696812375022,55.98
7.25843912735392,23.47
10.2669777618452,32.71
2.82743338823081,15.240462473775
3.24545068472103,9.21
3.978066,18.50966429394
54.2518386844675,360.9
9.36070584059755,72.8
3.01139764591007,45.64
1.46488694600814,6.73
1.11351731792849,5.96
7.76981719293575,61.8
11.0474280063749,134.6
4.21627367151609,15.99
3.22356055227119,7.74
6.26359424114402,19.44
6.28318530717959,25.14775354476
31.3036143055852,197.52
11.6862830873991,44.5
13.1642843384143,32.35
0.3318315,0.0866080977845684
4.94800842940392,15.06139939612
2.35619449019234,3.40663747116
5.91505429529318,204.8
8.2347260524432,29.8
4.90873852123405,13.1489924412
5.00432309162266,12.05
4.28462435816938,11.65
5.8346695,44.72527160959
0.176714586764426,0.2275248822
4.34566068619022,7
7.01353376807513,147
19.190802644169,495.2
28.2744,24.4512406098803
12.2418163473475,126.6
1.53152641862502,9.3331618842
13.6154618849965,46.88
0.502654824574367,0.93595391505
0.812887099116359,0.952806250704
4.90873852123405,9.70374219276
5.91406631156166,35.79
50.2656,136.364742846002
23.6425908810326,101.16
2.84503750817752,23.66
2.67950350784305,24.52
2.24702967134436,16
0.376991118430775,0.483455588
3.54371664025958,27.16
5.9395875,11.035455500382
7.71673291728929,47
11.6159632487403,19.9
23.3426206311694,48.49
19.7136284099759,499.2
15.4263676325528,93.75
4.59990124086954,35.6
8.63531672713799,19.28
21.2385861162352,119.15
23.5189985467557,90.82
12.5664,32.5505582346575
3.08754569888708,5.56
6.92075466719729,22.35
7.08187637213754,58.56
28.7944580612945,107.83
2.0140329565453,10.06
4.97087915220543,15.17
38.8181092508762,88.12
1.95663150469561,22.7
9.58410153182835,150
1.54266435671408,7.92
8.11839869464054,149.37
2.71018418188761,10.9
5.73053211524114,74.15
8.48230016469244,50.844347417325
4.19472365176353,11.28
3.3921325628465,10.99
9.57690513819644,149.52
47.6719350509061,165.05
4.10092645783896,32.26
17.5418787471034,77.33
34.1371370309464,135.26
23.75835,27.3373722784568
6.24800553882345,14.27
11.0446875,29.193825280112
5.28382638717092,17.9
2.1382515,0.633317417876241
0.628318530717959,0.6895435008
0.604756585816035,0.99738943458
26.8136135517788,168.4
13.1386415209822,140.15
14.4997319255512,219.6
10.2411338244833,185
1.89257619358022,23.95
38.9688962489347,127
6.50737588057049,55.4
6.49312175392254,18.16
5.3272374470957,30.5
0.742199540558262,9.54
15.7021354833488,184.16
3.76991118430775,25.015473354795
15.2747866751183,545.1
4.84436924199196,9.88
1.78942462479031,33.38
43.3745093129399,153.66
32.8583067749098,104.73
2.835294,19.199563439012
9.30550046030555,19.83
3.96549742668342,24.26
8.29380460547706,16.10072678214
47.9188054439309,421.24
21.3889076454037,474.4
15.7021354833488,158.94
15.2747866751183,662.3
11.0086223443712,273.6
12.3347037787113,39.9
11.433885749329,63.05
6.26359424114402,23.51
5.9856538054503,49.14
11.6534599435494,198.9
17.1729635026207,76.63
0.188495559215388,1.16377383276
6.9708,28.16703168403
7.39642772144365,16.31
3.45678847415858,12.87
3.54371664025958,22.5
22.8157382864689,127.6
2.40331837999619,9.85270408892
2.65031420262222,36.2
10.5989497522145,41.32
2.04464556608368,14.99
1.83146630316035,8.77
5.41924732744239,8.99995585566
2.69412,12.0047893851
6.605214,113.256189521263
40.8183596709768,184
7.5398223686155,26.86574940357
6.44786614013689,36.3
2.652908048367,15.5
21.3114621653838,162
17.2196290804296,48
3.15498570372191,26.76
3.03805472078754,13.91
37.4502861120852,371.04
1.4313915,0.923891010949834
15.9993910132849,70.5
34.678286519662,141.34
2.05487976675778,40.54
1.70267684825593,24.8
9.78937298533103,30.8
15.0092715960332,22.88
4.90873852123405,5.345680057564
1.81862575306231,13.5
0.494800842940392,0.5691805581
10.1770443156564,92.28
24.3963194021915,114.51
1.69616740875035,15.6
7.03716754404114,84.147318865995
3.22897258220811,60.65
72.6488955856787,774.45
33.5416961899546,167.9
20.0302549530026,113.31
4.16830760152639,26.83
4.15854542210385,11.81
7.25707902979242,56.71549298184
6.18845342899002,42.6
12.0629634958418,32.38
4.21752619171987,18.56
5.5154715,7.56206550802139
6.86505366289765,8.71
4.44013486816265,83
8.27917385462919,336.8
12.3490257244301,119.86
14.0452899910601,28.8
4.47654258136622,34.2
35.7847875,171.798091338808
6.9708,35.46906526635
56.74515,308.150846304431
4.71238898038469,23.17350318591
4.34709039018028,31.4
16.9246355241179,40.87
6.87223392972767,13.832736422736
7.7931315,72.0959519034887
1.83783170235003,8.180745775818
6.09639508638424,107.58
1.51829065471069,15.05
3.29867228626928,16.3001001009
3.64851958450452,12.23
3.2187012767428,26.8
5.35220481407267,9.83
1.94349534512827,9.93
44.3765827427424,224.91
1.26627835517445,28.3
1.00111479097342,2.48
15.90435,334.566000007958
26.9523516657646,105.63
1.04587584913439,3.71
12.728775,155.26533915468
6.74692121122941,45
15.2269001713539,52.84
3.39292006587698,4.05650605899
30.9471282846934,72.44
6.8392839812833,52.32
13.4191577205256,45.6
1.69646003293849,1.414998489828
7.37196001567227,26
18.232289397278,165.4
4.15854542210385,6.34
3.91426478990672,60.11
15.8949056245737,157.9
11.945934,68.911390215177
0.117809724509617,0.276181401804
5.76492795635891,41.68
5.78545,155.9938850518
27.8221837203822,165.07
5.18675012100722,12.83
0.847706448427342,4.98
1.11351731792849,5.34
22.1248785000523,61.83
3.58788295657412,52.25
3.1101767270539,14.811249306315
6.59874254542341,54.07
24.6556920656367,202.6
20.1412667789282,475.8
2.13183657378338,14.91
0.628318530717959,0.19435296342
3.6305115,40.7904555401706
30.9471282846934,85.72
2.16977738511463,6.56
17.672123474645,407.8
17.4697170593547,95.75
0.329867228626928,0.5502410298
2.76629765963755,21.33
4.29588887335243,18.2
7.76482132309887,138.6
4.8335272719076,45.9
21.5767459095771,107.94
1.02101761241668,2.7905509401
2.96880505764235,9.87223498415
1.42294915180211,8.16
11.2622563133821,49.64
3.95329276841899,55.14
0.901095071701064,20.8
23.2374695231728,71.37
8.042496,9.13415377514642
69.4643440492599,414.08
2.5334161819294,20.16
6.82422647761764,14.57
9.01761877225249,25.29
0.796047446975187,6.2
2.04203522483337,1.8612019118
50.3295441786651,288.44
4.33539786195391,12.62164303323
31.2451139348167,330.8
46.458212531658,157.89
16.9246355241179,37.16
1.12311937365835,4.20776633662
2.54469004940773,1.64183562081
2.33342362280294,7.24
35.4848391631324,197.75
26.094547819011,52.21
2.07003099369508,9.61
6.47355157513535,9.9
29.4532,258.95630800414
11.3712441098972,96.7
5.48956720902063,137.9
2.38761041672824,17.918791495605
1.06243940311197,4.63
15.9135870182116,473
